territoire_code;territoire_name;territoire_type
75056;Paris;1
93066;Saint-Denis;1
95018;Argenteuil;1
93048;Montreuil;1
94028;Créteil;1
92050;Nanterre;1
92026;Courbevoie;1
94081;Vitry-sur-Seine;1
92025;Colombes;1
92004;Asnières-sur-Seine;1
93005;Aulnay-sous-Bois;1
94017;Champigny-sur-Marne;1
93001;Aubervilliers;1
94068;Saint-Maur-des-Fossés;1
77284;Meaux;1
93029;Drancy;1
92040;Issy-les-Moulineaux;1
92044;Levallois-Perret;1
93051;Noisy-le-Grand;1
92002;Antony;1
92024;Clichy;1
95585;Sarcelles;1
95127;Cergy;1
94041;Ivry-sur-Seine;1
94076;Villejuif;1
93031;Épinay-sur-Seine;1
93055;Pantin;1
94046;Maisons-Alfort;1
93010;Bondy;1
77243;Lagny-sur-Marne;1
77108;Chelles;1
92023;Clamart;1
94033;Fontenay-sous-Bois;1
78361;Mantes-la-Jolie;1
91228;Évry;1
93007;Blanc-Mesnil (Le);1
78586;Sartrouville;1
93071;Sevran;1
91174;Corbeil-Essonnes;1
92049;Montrouge;1
94080;Vincennes;1
93070;Saint-Ouen;1
93008;Bobigny;1
92073;Suresnes;1
92062;Puteaux;1
94002;Alfortville;1
91377;Massy;1
78498;Poissy;1
77288;Melun;1
93046;Livry-Gargan;1
92036;Gennevilliers;1
94022;Choisy-le-Roi;1
93064;Rosny-sous-Bois;1
77514;Villeparisis;1
95268;Garges-lès-Gonesse;1
93053;Noisy-le-Sec;1
74012;Annemasse;1
93032;Gagny;1
93027;Courneuve (La);1
92007;Bagneux;1
95280;Goussainville;1
91589;Savigny-sur-Orge;1
77373;Pontault-Combault;1
93078;Villepinte;1
78172;Conflans-Sainte-Honorine;1
77445;Savigny-le-Temple;1
93072;Stains;1
91549;Sainte-Geneviève-des-Bois;1
91103;Brétigny-sur-Orge;1
93006;Bagnolet;1
93073;Tremblay-en-France;1
93050;Neuilly-sur-Marne;1
95252;Franconville;1
92020;Châtillon;1
94058;Perreux-sur-Marne (Le);1
95607;Taverny;1
94078;Villeneuve-Saint-Georges;1
92078;Villeneuve-la-Garenne;1
92019;Châtenay-Malabry;1
78311;Houilles;1
94052;Nogent-sur-Marne;1
91687;Viry-Châtillon;1
77152;Dammarie-les-Lys;1
91021;Arpajon;1
77083;Champs-sur-Marne;1
92046;Malakoff;1
78440;Mureaux (Les);1
93047;Montfermeil;1
94038;Haÿ-les-Roses (L');1
95500;Pontoise;1
93014;Clichy-sous-Bois;1
91027;Athis-Mons;1
95203;Eaubonne;1
78621;Trappes;1
94018;Charenton-le-Pont;1
94073;Thiais;1
91691;Yerres;1
92009;Bois-Colombes;1
91201;Draveil;1
94016;Cachan;1
93077;Villemomble;1
95063;Bezons;1
92035;Garenne-Colombes (La);1
91657;Vigneux-sur-Seine;1
78297;Guyancourt;1
92060;Plessis-Robinson (Le);1
95176;Cormeilles-en-Parisis;1
93059;Pierrefitte-sur-Seine;1
95680;Villiers-le-Bel;1
95219;Ermont;1
94079;Villiers-sur-Marne;1
91286;Grigny;1
92075;Vanves;1
91521;Ris-Orangis;1
95582;Sannois;1
77468;Torcy;1
95277;Gonesse;1
95306;Herblay;1
78208;Élancourt;1
94034;Fresnes;1
95199;Domont;1
94043;Kremlin-Bicêtre (Le);1
95229;Ézanville;1
93013;Bourget (Le);1
93063;Romainville;1
91692;Ulis (Les);1
91114;Brunoy;1
77390;Roissy-en-Brie;1
94021;Chevilly-Larue;1
06012;Beausoleil;1
94077;Villeneuve-le-Roi;1
95572;Saint-Ouen-l'Aumône;1
92032;Fontenay-aux-Roses;1
91421;Montgeron;1
95427;Montmagny;1
93045;Lilas (Les);1
94067;Saint-Mandé;1
74133;Gaillard;1
93057;Pavillons-sous-Bois (Les);1
77122;Combs-la-Ville;1
77285;Mée-sur-Seine (Le);1
95197;Deuil-la-Barre;1
91345;Longjumeau;1
91161;Chilly-Mazarin;1
94054;Orly;1
77294;Mitry-Mory;1
91434;Morsang-sur-Orge;1
95323;Jouy-le-Moutier;1
93049;Neuilly-Plaisance;1
94044;Limeil-Brévannes;1
95555;Saint-Gratien;1
91570;Saint-Michel-sur-Orge;1
94003;Arcueil;1
92014;Bourg-la-Reine;1
77296;Moissy-Cramayel;1
78005;Achères;1
95424;Montigny-lès-Cormeilles;1
94059;Plessis-Trévise (Le);1
01160;Ferney-Voltaire;1
95218;Éragny;1
93061;Pré-Saint-Gervais (Le);1
94019;Chennevières-sur-Marne;1
94042;Joinville-le-Pont;1
78165;Clayes-sous-Bois (Les);1
78545;Saint-Cyr-l'École;1
95598;Soisy-sous-Montmorency;1
77479;Vaires-sur-Marne;1
69199;Saint-Fons;1
94037;Gentilly;1
77258;Lognes;1
94004;Boissy-Saint-Léger;1
94011;Bonneuil-sur-Marne;1
94015;Bry-sur-Marne;1
77337;Noisiel;1
78123;Carrières-sous-Poissy;1
78124;Carrières-sur-Seine;1
95539;Saint-Brice-sous-Forêt;1
91326;Juvisy-sur-Orge;1
94069;Saint-Maurice;1
95487;Persan;1
95351;Louvres;1
93062;Raincy (Le);1
06104;Roquebrune-Cap-Martin;1
95019;Arnouville;1
91182;Courcouronnes;1
91479;Paray-Vieille-Poste;1
78242;Fontenay-le-Fleury;1
93079;Villetaneuse;1
91432;Morangis;1
91215;Épinay-sous-Sénart;1
78015;Andrésy;1
94074;Valenton;1
95210;Enghien-les-Bains;1
91514;Quincy-sous-Sénart;1
77251;Lieusaint;1
69152;Pierre-Bénite;1
78138;Chanteloup-les-Vignes;1
91191;Crosne;1
95051;Beauchamp;1
95488;Pierrelaye;1
95491;Plessis-Bouchard (Le);1
77169;Émerainville;1
06011;Beaulieu-sur-Mer;1
95527;Roissy-en-France;1
13055;Marseille;2
69123;Lyon;2
31555;Toulouse;2
06088;Nice;2
44109;Nantes;2
67482;Strasbourg;2
34172;Montpellier;2
33063;Bordeaux;2
59350;Lille;2
51454;Reims;2
35238;Rennes;2
76351;Havre (Le);2
80021;Amiens;2
42218;Saint-Étienne;2
83137;Toulon;2
38185;Grenoble;2
21231;Dijon;2
72181;Mans (Le);2
49007;Angers;2
30189;Nîmes;2
69266;Villeurbanne;2
29019;Brest;2
25056;Besançon;2
37261;Tours;2
63113;Clermont-Ferrand;2
13001;Aix-en-Provence;2
57463;Metz;2
87085;Limoges;2
66136;Perpignan;2
45234;Orléans;2
76540;Rouen;2
14118;Caen;2
54395;Nancy;2
59599;Tourcoing;2
60057;Beauvais;2
86194;Poitiers;2
27229;Évreux;2
64445;Pau;2
18033;Bourges;2
29232;Quimper;2
82121;Montauban;2
11262;Narbonne;2
06004;Antibes;2
17300;Rochelle (La);2
68066;Colmar;2
65440;Tarbes;2
06029;Cannes;2
59009;Villeneuve-d'Ascq;2
10387;Troyes;2
81004;Albi;2
81065;Castres;2
19031;Brive-la-Gaillarde;2
83126;Seyne-sur-Mer (La);2
44184;Saint-Nazaire;2
26362;Valence;2
36044;Châteauroux;2
33281;Mérignac;2
89024;Auxerre;2
05061;Gap;2
41018;Blois;2
51108;Châlons-en-Champagne;2
69259;Vénissieux;2
73065;Chambéry;2
13004;Arles;2
33318;Pessac;2
64102;Bayonne;2
06069;Grasse;2
56121;Lorient;2
17415;Saintes;2
71076;Chalon-sur-Saône;2
24037;Bergerac;2
28085;Chartres;2
83069;Hyères;2
35288;Saint-Malo;2
58194;Nevers;2
56260;Vannes;2
01053;Bourg-en-Bresse;2
38053;Bourgoin-Jallieu;2
51230;Épernay;2
16015;Angoulême;2
74010;Annecy;2
83050;Draguignan;2
26281;Romans-sur-Isère;2
73008;Aix-les-Bains;2
62041;Arras;2
30007;Alès;2
03185;Montluçon;2
88160;Épinal;2
54528;Toul;2
73011;Albertville;2
13103;Salon-de-Provence;2
06027;Cagnes-sur-Mer;2
60159;Compiègne;2
22278;Saint-Brieuc;2
13005;Aubagne;2
61001;Alençon;2
59328;Lambersart;2
49328;Saumur;2
17299;Rochefort;2
67218;Illkirch-Graffenstaden;2
39198;Dole;2
56007;Auray;2
74081;Cluses;2
59606;Valenciennes;2
38544;Vienne;2
69264;Villefranche-sur-Saône;2
44162;Saint-Herblain;2
16102;Cognac;2
24322;Périgueux;2
06030;Cannet (Le);2
37122;Joué-lès-Tours;2
69290;Saint-Priest;2
69034;Caluire-et-Cuire;2
17306;Royan;2
09225;Pamiers;2
33522;Talence;2
14366;Lisieux;2
31395;Muret;2
47001;Agen;2
50129;Cherbourg-Octeville;2
47157;Marmande;2
44143;Rezé;2
69029;Bron;2
64024;Anglet;2
40192;Mont-de-Marsan;2
13028;Ciotat (La);2
40088;Dax;2
22113;Lannion;2
42187;Roanne;2
38421;Saint-Martin-d'Hères;2
33550;Villenave-d'Ornon;2
04112;Manosque;2
38151;Échirolles;2
31149;Colomiers;2
32013;Auch;2
69286;Rillieux-la-Pape;2
67180;Haguenau;2
83129;Six-Fours-les-Plages;2
47323;Villeneuve-sur-Lot;2
12145;Millau;2
76322;Grand-Quevilly (Le);2
12202;Rodez;2
27375;Louviers;2
38563;Voiron;2
83118;Saint-Raphaël;2
03310;Vichy;2
54547;Vandoeuvre-lès-Nancy;2
88383;Remiremont;2
69149;Oullins;2
67447;Schiltigheim;2
59295;Hazebrouck;2
91477;Palaiseau;2
06123;Saint-Laurent-du-Var;2
84089;Pertuis;2
50218;Granville;2
59299;Hem;2
54274;Jarville-la-Malgrange;2
76681;Sotteville-lès-Rouen;2
42095;Firminy;2
64422;Oloron-Sainte-Marie;2
13041;Gardanne;2
14327;Hérouville-Saint-Clair;2
84003;Apt;2
31483;Saint-Gaudens;2
04070;Digne-les-Bains;2
06079;Mandelieu-la-Napoule;2
81099;Gaillac;2
64122;Biarritz;2
42005;Andrézieux-Bouthéon;2
69275;Décines-Charpieu;2
29039;Concarneau;2
83062;Garde (La);2
62108;Berck;2
45208;Montargis;2
44190;Saint-Sébastien-sur-Loire;2
33039;Bègles;2
44114;Orvault;2
33529;Teste-de-Buch (La);2
83144;Valette-du-Var (La);2
38317;Pont-de-Claix (Le);2
45284;Saint-Jean-de-Braye;2
33192;Gradignan;2
33069;Bouscat (Le);2
76410;Maromme;2
65286;Lourdes;2
34028;Bédarieux;2
45147;Fleury-les-Aubrais;2
57480;Montigny-lès-Metz;2
59368;Madeleine (La);2
31069;Blagnac;2
34270;Saint-Jean-de-Védas;2
38169;Fontaine;2
56098;Lanester;2
33119;Cenon;2
76498;Petit-Quevilly (Le);2
26108;Crest;2
28218;Lucé;2
59410;Mons-en-Baroeul;2
09122;Foix;2
59507;Ronchin;2
66008;Argelès-sur-Mer;2
66037;Canet-en-Roussillon;2
59360;Loos;2
69204;Saint-Genis-Laval;2
74256;Sallanches;2
33249;Lormont;2
59163;Croix;2
35047;Bruz;2
38382;Saint-Égrève;2
33162;Eysines;2
59646;Wasquehal;2
67267;Lingolsheim;2
44069;Guérande;2
33167;Floirac;2
73181;Moûtiers;2
29233;Quimperlé;2
05023;Briançon;2
76451;Mont-Saint-Aignan;2
66149;Prades;2
26058;Bourg-lès-Valence;2
64483;Saint-Jean-de-Luz;2
74093;Cran-Gevrier;2
54482;Saint-Max;2
34154;Mauguio;2
40310;Soustons;2
73054;Bourg-Saint-Maurice;2
56162;Ploemeur;2
59220;Faches-Thumesnil;2
67043;Bischheim;2
73179;Motte-Servolex (La);2
54115;Champigneulles;2
74280;Thônes;2
59648;Wattignies;2
64260;Hendaye;2
29042;Crozon;2
34344;Le Grau-du-Roi;2
76157;Canteleu;2
66164;Rivesaltes;2
45285;Saint-Jean-de-la-Ruelle;2
40312;Tarnos;2
31446;Ramonville-Saint-Agne;2
21166;Chenôve;2
66028;Cabestany;2
49015;Avrillé;2
54304;Laxou;2
34057;Castelnau-le-Lez;2
83123;Sanary-sur-Mer;2
34129;Lattes;2
66049;Céret;2
33056;Blanquefort;2
66124;Font-Romeu-Odeillo-Via;2
42044;Chambon-Feugerolles (Le);2
54578;Villers-lès-Nancy;2
49246;Ponts-de-Cé (Les);2
85194;Sables-d'Olonne (Les);2
66210;Thuir;2
22187;Plérin;2
22168;Perros-Guirec;2
37072;Chinon;2
40065;Capbreton;2
64129;Billère;2
38485;Seyssinet-Pariset;2
17161;La Flotte;2
65025;Argelès-Gazost;2
83090;Ollioules;2
68166;Kingersheim;2
49353;Trélazé;2
05046;Embrun;2
34079;Clermont-l'Hérault;2
74056;Chamonix-Mont-Blanc;2
17385;Saint-Pierre-d'Oléron;2
64125;Bidart;2
59527;Saint-André-lez-Lille;2
83098;Pradet (Le);2
14220;Deauville;2
37195;Riche (La);2
07102;Guilherand-Granges;2
67204;Hoenheim;2
31022;Aucamville;2
38548;Villard-de-Lans;2
29235;Relecq-Kerhuon (Le);2
33009;Arcachon;2
35281;Saint-Jacques-de-la-Lande;2
88196;Gérardmer;2
83036;Cavalaire-sur-Mer;2
76216;Déville-lès-Rouen;2
44132;Pornichet;2
35055;Chantepie;2
59386;Marquette-lez-Lille;2
66024;Le Boulou;2
56243;Séné;2
17028;Aytré;2
73303;Ugine;2
34327;Vendargues;2
31042;Bagnères-de-Luchon;2
74173;Megève;2
59143;Chapelle-d'Armentières (La);2
34090;Crès (Le);2
73006;Aime;2
74191;Morzine;2
83009;Bandol;2
56186;Quiberon;2
14715;Trouville-sur-Mer;2
66148;Port-Vendres;2
65031;Arreau;2
38179;Gières;2
74236;Saint-Gervais-les-Bains;2
73055;Bozel;2
17093;Le Château-d'Oléron;2
11202;Leucate;2
34192;Palavas-les-Flots;2
66016;Banyuls-sur-Mer;2
33090;Canéjan;2
73261;Saint-Michel-de-Maurienne;2
32319;Plaisance;2
44135;Pouliguen (Le);2
74258;Samoëns;2
74001;Abondance;2
17140;Dolus-d'Oléron;2
92012;Boulogne-Billancourt;3
78646;Versailles;3
92063;Rueil-Malmaison;3
92051;Neuilly-sur-Seine;3
78551;Saint-Germain-en-Laye;3
78158;Chesnay (Le);3
69088;Fontaines-sur-Saône;3
78146;Chatou;3
92064;Saint-Cloud;3
78372;Marly-le-Roi;3
91272;Gif-sur-Yvette;3
92072;Sèvres;3
78358;Maisons-Laffitte;3
78418;Montesson;3
78481;Pecq (Le);3
78126;Celle-Saint-Cloud (La);3
92071;Sceaux;3
78322;Jouy-en-Josas;3
92033;Garches;3
69081;Écully;3
78455;Noisy-le-Roi;3
69116;Limonest;3
06105;Roquefort-les-Pins;3
78650;Vésinet (Le);3
78686;Viroflay;3
91645;Verrières-le-Buisson;3
78133;Chambourcy;3
92077;Ville-d'Avray;3
13032;Éguilles;3
78674;Villepreux;3
94048;Marolles-en-Brie;3
78688;Voisins-le-Bretonneux;3
69040;Champagne-au-Mont-d'Or;3
06044;Colle-sur-Loup (La);3
78466;Orgeval;3
78190;Croissy-sur-Seine;3
91600;Soisy-sur-Seine;3
59090;Bondues;3
78575;Saint-Rémy-lès-Chevreuse;3
78160;Chevreuse;3
13113;Venelles;3
01143;Divonne-les-Bains;3
92076;Vaucresson;3
78092;Bougival;3
78350;Louveciennes;3
78420;Montfort-l'Amaury;3
92048;Meudon;4
78490;Plaisir;4
77171;Esbly;4
77186;Fontainebleau;4
59378;Marcq-en-Baroeul;4
76447;Montivilliers;4
60141;Chantilly;4
37214;Saint-Cyr-sur-Loire;4
78423;Montigny-le-Bretonneux;4
74112;Épagny;4
34123;Juvignac;4
31113;Castanet-Tolosan;4
91425;Montlhéry;4
69010;L'Arbresle;4
74011;Annecy-le-Vieux;4
67551;Wolfisheim;4
95313;Isle-Adam (L');4
44215;Vertou;4
95637;Vauréal;4
78517;Rambouillet;4
57447;Marly;4
30011;Angles (Les);4
76108;Bois-Guillaume-Bihorel;4
33449;Saint-Médard-en-Jalles;4
38562;Vizille;4
69143;Neuville-sur-Saône;4
31467;Saint-Alban;4
69244;Tassin-la-Demi-Lune;4
76429;Mesnil-Esnard (Le);4
77058;Bussy-Saint-Georges;4
31506;Saint-Orens-de-Gameville;4
45232;Olivet;4
69069;Craponne;4
74268;Seynod;4
74242;Saint-Jorioz;4
38397;Saint-Ismier;4
31488;Saint-Jean;4
51172;Cormontreuil;4
78383;Maurepas;4
77407;Saint-Fargeau-Ponthierry;4
31557;Tournefeuille;4
68271;Riedisheim;4
94071;Sucy-en-Brie;4
78640;Vélizy-Villacoublay;4
29212;Plouzané;4
59449;Orchies;4
33519;Taillan-Médoc (Le);4
06157;Vence;4
78380;Maule;4
77350;Ozoir-la-Ferrière;4
78310;Houdan;4
77449;Serris;4
91386;Mennecy;4
44035;Chapelle-sur-Erdre (La);4
74119;Évian-les-Bains;4
63075;Chamalières;4
78401;Meulan-en-Yvelines;4
63070;Ceyrat;4
95428;Montmorency;4
69072;Dardilly;4
90099;Valdoie;4
91338;Limours;4
69027;Brignais;4
95563;Saint-Leu-la-Forêt;4
31421;Pins-Justaret;4
01173;Gex;4
69064;Condrieu;4
44026;Carquefou;4
38189;Heyrieux;4
74096;Cruseilles;4
69202;Sainte-Foy-lès-Lyon;4
44055;Baule-Escoublac (La);4
64132;Bizanos;4
38511;Le Touvet;4
62491;Laventie;4
91216;Épinay-sur-Orge;4
38150;Domène;4
31490;Saint-Jory;4
74224;Roche-sur-Foron (La);4
67348;Obernai;4
69089;Francheville;4
60612;Senlis;4
64335;Lescar;4
69115;Limas;4
91665;Ville-du-Bois (La);4
84099;Robion;4
14228;Douvres-la-Délivrande - Luc-sur-Mer;4
44209;Treillières;4
34255;Saint-Gély-du-Fesc;4
74243;Saint-Julien-en-Genevois;4
95652;Viarmes;4
78642;Verneuil-sur-Seine;4
68278;Rixheim;4
13002;Allauch;4
01427;Trévoux;4
91226;Étréchy;4
33199;Gujan-Mestras;4
42279;Saint-Just-Saint-Rambert;4
38318;Pont-Évêque;4
14101;Bretteville-sur-Odon;4
13015;Bouc-Bel-Air;4
63032;Beaumont;4
30351;Villeneuve-lès-Avignon;4
64405;Morlaàs;4
92022;Chaville;4
68309;Sierentz;4
91200;Dourdan;4
74220;Reignier-Ésery;4
06085;Mougins;4
59653;Wavrin;4
74105;Douvaine;4
38545;Vif;4
34058;Castries;4
69283;Mions;4
31282;Launaguet;4
83016;Beausset (Le);4
69260;Vernaison;4
38229;Meylan;4
64519;Serres-Castet;4
69009;Anse;4
33005;Andernos-les-Bains;4
83112;Saint-Cyr-sur-Mer;4
44158;Saint-Étienne-de-Montluc;4
81140;Lavaur;4
31588;Villeneuve-Tolosane;4
49020;Beaucouzé;4
68374;Wintzenheim;4
37208;Saint-Avertin;4
68145;Horbourg-Wihr;4
27448;Pacy-sur-Eure;4
91105;Breuillet;4
63014;Aubière;4
38006;Allevard;4
50402;Les Pieux;4
68195;Lutterbach;4
33122;Cestas;4
91405;Milly-la-Forêt;4
31187;Fonsorbes;4
67309;Mundolsheim;4
77487;Vaux-le-Pénil;4
68082;Ensisheim;4
59067;Bergues;4
31157;Cugnaux;4
21278;Fontaine-lès-Dijon;4
31424;Plaisance-du-Touch;4
21540;Saint-Apollinaire;4
73087;Cognin;4
69277;Genas;4
78643;Vernouillet;4
91471;Orsay;4
84026;Cadenet;4
91573;Saint-Pierre-du-Perray;4
25532;Saône;4
13046;Gréasque;4
69255;Vaugneray;4
38516;Tronche (La);4
31044;Balma;4
38565;Voreppe;4
31417;Pibrac;4
35051;Cesson-Sévigné;4
91097;Boussy-Saint-Antoine;4
42323;Veauche;4
69141;Mornant;4
26064;Chabeuil;4
38314;Pontcharra;4
68118;Habsheim;4
42302;Sorbiers;4
32160;L'Isle-Jourdain;4
06161;Villeneuve-Loubet;4
73222;Saint-Alban-Leysse;4
37109;Fondettes;4
13110;Trets;4
69291;Saint-Symphorien-d'Ozon;4
44204;Thouaré-sur-Loire;4
37050;Chambray-lès-Tours;4
94055;Ormesson-sur-Marne;4
13031;Destrousse (La);4
57323;Hettange-Grande;4
95039;Auvers-sur-Oise;4
78397;Mesnil-Saint-Denis (Le);4
13104;Sausset-les-Pins - Carry-le-Rouet;4
06095;Peymeinade;4
78073;Bois-d'Arcy;4
44009;Basse-Goulaine;4
57412;Longeville-lès-Metz;4
59421;Mouvaux;4
59168;Cysoing;4
01419;Thoiry;4
29189;Plougastel-Daoulas;4
59508;Roncq;4
54328;Ludres;4
17264;Nieul-sur-Mer;4
59352;Linselles;4
78265;Garancières - La Queue-les-Yvelines;4
06152;Valbonne;4
31445;Quint-Fonsegrives;4
30062;Calvisson;4
91312;Igny;4
38158;Eybens;4
01354;Saint-Genis-Pouilly;4
31291;Léguevin;4
84081;Morières-lès-Avignon;4
64348;Lons;4
91122;Bures-sur-Yvette;4
07281;Saint-Péray;4
31150;Cornebarrieu;4
95394;Méry-sur-Oise;4
31232;Grenade;4
13112;Velaux;4
13053;Mallemort;4
33238;Léognan;4
13040;Fuveau;4
69287;Saint-Laurent-de-Mure;4
91661;Villebon-sur-Yvette;4
67471;Souffelweyersheim;4
13007;Auriol;4
31056;Beauzelle;4
33213;La Brède;4
13119;Carnoux-en-Provence;4
31561;Union (L');4
26037;Beaumont-lès-Valence;4
64061;Artix;4
34247;Saint-Clément-de-Rivière;4
31433;Portet-sur-Garonne;4
71118;Châtenoy-le-Royal;4
45274;Saint-Denis-en-Val;4
78624;Triel-sur-Seine;4
78537;Saint-Arnoult-en-Yvelines;4
34022;Baillargues;4
38140;Crolles;4
37018;Ballan-Miré;4
31182;Fenouillet;4
13042;Gémenos;4
27562;Saint-Marcel;4
78217;Épône;4
77438;Saint-Thibault-des-Vignes;4
57487;Moulins-lès-Metz;4
78356;Magny-les-Hameaux;4
13069;Pélissanne;4
62239;Coquelles;4
01249;Miribel;4
74218;Publier;4
67282;Marlenheim;4
56107;Larmor-Plage;4
33236;Lège-Cap-Ferret;4
13087;Rousset;4
06084;Mouans-Sartoux;4
56078;Guidel;4
78486;Le Perray-en-Yvelines;4
34120;Jacou;4
13091;Saint-Cannat;4
34276;Saint-Mathieu-de-Tréviers;4
78220;Les Essarts-le-Roi;4
83034;Carqueiranne;4
06018;Biot;4
69271;Chassieu;4
94075;Villecresnes;4
31572;Venerque;4
33200;Haillan (Le);4
13050;Lambesc;4
77037;Bois-le-Roi;4
13092;Saint-Chamas;4
42222;Saint-Galmier;4
77067;Cesson;4
64230;Gan;4
67411;Rosheim;4
42275;Saint-Priest-en-Jarez;4
13019;Cabriès;4
34077;Clapiers;4
42168;Pélussin;4
35278;Saint-Grégoire;4
77495;Vert-Saint-Denis;4
84133;La Tour-d'Aigues;4
77249;Lésigny;4
13086;Roquevaire;4
34198;Pérols;4
13051;Lançon-Provence;4
37022;Beaumont-en-Véron;4
91540;Saint-Chéron;4
60482;Orry-la-Ville;4
67519;La Wantzenau;4
59466;Pont-à-Marcq;4
45286;Saint-Jean-le-Blanc;4
91340;Lisses;4
59343;Lesquin;4
67495;Truchtersheim;4
62604;Neufchâtel-Hardelot;4
50416;Querqueville;4
13035;Eyguières;4
33214;Lacanau;4
13022;Cassis;4
31358;Montastruc-la-Conseillère;4
67506;Vendenheim;4
35334;Thorigné-Fouillard;4
13037;La Fare-les-Oliviers;4
17200;Lagord;4
33273;Martignas-sur-Jalle;4
33422;Saint-Jean-d'Illac;4
44194;Sautron;4
26124;Étoile-sur-Rhône;4
38486;Seyssins;4
01333;Saint-André-de-Corcy;4
31526;Salvetat-Saint-Gilles (La);4
06065;Gaude (La);4
62861;Vimy;4
76103;Bonsecours;4
71070;Buxy;4
71221;Givry;4
31573;Verfeil;4
78168;Coignières;4
13098;Saint-Mitre-les-Remparts;4
40133;Labenne;4
56003;Arradon;4
06159;Villefranche-sur-Mer;4
57413;Longeville-lès-Saint-Avold;4
62826;Touquet-Paris-Plage (Le);4
31254;Labège;4
31458;Roques;4
68224;Mulhouse;5
34032;Béziers;5
08105;Charleville-Mézières;5
59512;Roubaix;5
59183;Dunkerque;5
84007;Avignon;5
90010;Belfort;5
11069;Carcassonne;5
62193;Calais;5
59122;Cambrai;5
02691;Saint-Quentin;5
02722;Soissons;5
76217;Dieppe;5
26198;Montélimar;5
25388;Montbéliard;5
2B033;Bastia;5
86066;Châtellerault;5
89387;Sens;5
02408;Laon;5
57630;Sarrebourg;5
83061;Fréjus;5
34145;Lunel;5
54431;Pont-à-Mousson;5
52448;Saint-Dizier;5
80001;Abbeville;5
59139;Caudry;5
71306;Montceau-les-Mines;5
59392;Maubeuge;5
13056;Martigues;5
57672;Thionville;5
01283;Oyonnax;5
57631;Sarreguemines;5
30243;Saint-Christol-lès-Alès;5
62119;Béthune;5
18279;Vierzon;5
59155;Coudekerque-Branche;5
11203;Lézignan-Corbières;5
57606;Saint-Avold;5
84035;Cavaillon;5
34301;Sète;5
08409;Sedan;5
68063;Thann - Cernay;5
13047;Istres;5
69256;Vaulx-en-Velin;5
62160;Boulogne-sur-Mer;5
57306;Hayange;5
59178;Douai;5
71153;Le Creusot;5
59650;Wattrelos;5
84087;Orange;5
02738;Tergnier;5
62510;Liévin;5
82033;Castelsarrasin;5
28134;Dreux;5
62048;Auchel;5
59526;Saint-Amand-les-Eaux;5
76231;Elbeuf;5
62498;Lens;5
88413;Saint-Dié-des-Vosges;5
62133;Billy-Montigny;5
62178;Bruay-la-Buissière;5
60175;Creil;5
57227;Forbach;5
84031;Carpentras;5
76255;Eu;5
27681;Vernon;5
42207;Saint-Chamond;5
25580;Valentigney;5
60471;Noyon;5
51649;Vitry-le-François;5
61214;L'Aigle;5
10323;Romilly-sur-Seine;5
76259;Fécamp;5
30032;Beaucaire;5
02381;Hirson;5
13117;Vitrolles;5
30028;Bagnols-sur-Cèze;5
27467;Pont-Audemer;5
54329;Lunéville;5
13054;Marignane;5
62895;Wingles;5
2B207;Penta-di-Casinca;5
59172;Denain;5
66065;Elne;5
60463;Nogent-sur-Oise;5
58086;Cosne-Cours-sur-Loire;5
80620;Péronne;5
59273;Gravelines;5
54280;Joeuf;5
59008;Aniche;5
59544;Saint-Saulve;5
62014;Aire-sur-la-Lys;5
02173;Chauny;5
60509;Pont-Sainte-Maxence;5
10081;Chapelle-Saint-Luc (La);5
57240;Freyming-Merlebach;5
76575;Saint-Étienne-du-Rouvray;5
62771;Sallaumines;5
76165;Caudebec-lès-Elbeuf;5
62643;Outreau;5
57160;Creutzwald;5
60636;Thourotte;5
06155;Vallauris;5
59249;Fourmies;5
62427;Hénin-Beaumont;5
59179;Douchy-les-Mines;5
59036;Avesnes-sur-Helpe;5
76384;Lillebonne;5
70310;Lure;5
84019;Bollène;5
30334;Uzès;5
76114;Bolbec;5
66180;Saint-Laurent-de-la-Salanque;5
25031;Audincourt;5
59017;Armentières;5
34108;Frontignan;5
62186;Bully-les-Mines;5
45155;Gien;5
69091;Givors;5
13063;Miramas;5
45068;Châlette-sur-Loing;5
84138;Valréas;5
11076;Castelnaudary;5
62525;Longuenesse;5
59324;Jeumont;5
59481;Le Quesnoy;5
16374;Soyaux;5
59153;Condé-sur-l'Escaut;5
83023;Brignoles;5
33138;Coutras;5
30202;Pont-Saint-Esprit;5
34003;Agde;5
59569;Sin-le-Noble;5
2A247;Porto-Vecchio;5
83073;Le Luc;5
27701;Val-de-Reuil;5
80253;Doullens;5
89257;Migennes;5
90033;Delle;5
33240;Lesparre-Médoc;5
84054;Isle-sur-la-Sorgue (L');5
02340;Gauchy;5
59327;Lallaing;5
59400;Merville;5
62560;Marquise;5
83115;Sainte-Maxime;5
47106;Fumel;5
59574;Somain;5
02095;Bohain-en-Vermandois;5
62270;Divion;5
09160;Lavelanet;5
62065;Avion;5
80410;Ham;5
62497;Leforest;5
59033;Aulnoye-Aymeries;5
62126;Beuvry;5
57751;Woippy;5
38193;Isle-d'Abeau (L');5
57591;Rombas;5
80685;Roye;5
59271;Grande-Synthe;5
91086;Bondoufle;5
59279;Halluin;5
26165;Livron-sur-Drôme;5
84129;Sorgues;5
30212;Remoulins;5
28404;Vernouillet;5
59014;Anzin;5
62516;Lillers;5
34199;Pézenas;5
59291;Hautmont;5
62040;Arques;5
50173;Équeurdreville-Hainneville;5
59051;Bassée (La);5
62215;Carvin;5
59092;Bouchain;5
13043;Gignac-la-Nerthe;5
33314;Pauillac;5
64410;Mourenx;5
62447;Hesdin;5
59205;Escaudain;5
62758;Saint-Martin-Boulogne;5
30227;Saint-Ambroix;5
55122;Commercy;5
62038;Ardres;5
88468;Le Thillot;5
33058;Blaye;5
07319;Teil (Le);5
24547;Terrasson-Lavilledieu;5
62318;Étaples;5
37031;Bourgueil;5
62473;Isbergues;5
03082;Commentry;5
13100;Saint-Rémy-de-Provence;5
62767;Saint-Pol-sur-Ternoise;5
30132;La Grand-Combe;5
34299;Sérignan;5
14333;Honfleur;5
62765;Saint-Omer;5
54099;Briey;5
30341;Vauvert;5
59383;Marly;5
04049;Château-Arnoux-Saint-Auban;5
62443;Hersin-Coupigny;5
13077;Port-de-Bouc;5
45053;Briare;5
44103;Montoir-de-Bretagne;5
59603;Trith-Saint-Léger;5
59571;Solesmes;5
84092;Pontet (Le);5
76484;Oissel;5
83130;Solliès-Pont;5
11106;Coursan;5
40184;Mimizan;5
89206;Joigny;5
63430;Thiers;5
38298;Péage-de-Roussillon (Le);5
62413;Harnes;5
59329;Lambres-lez-Douai;5
59112;Bruay-sur-l'Escaut;5
27016;Les Andelys;5
57209;Faulquemont;5
47252;Sainte-Livrade-sur-Lot;5
40046;Biscarrosse;5
57019;Amnéville;5
59136;Le Cateau-Cambrésis;5
59365;Louvroil;5
13039;Fos-sur-Mer;5
30141;Laudun-l'Ardoise;5
33352;La Réole;5
62617;Noeux-les-Mines;5
62057;Audruicq;5
33389;Saint-Ciers-sur-Gironde;5
66021;Bompas;5
60414;Montataire;5
13097;Saint-Martin-de-Crau;5
62893;Wimereux;5
88367;Rambervillers;5
57207;Farébersviller;5
80688;Rue;5
08190;Givet;5
80680;Rosières-en-Santerre;5
59170;Dechy;5
59616;Vieux-Condé;5
76305;Gonfreville-l'Orcher;5
62563;Mazingarbe;5
59234;Flers-en-Escrebieux;5
88516;Vittel;5
84137;Vaison-la-Romaine;5
62548;Marck;5
08090;Carignan;5
57206;Fameck;5
13014;Berre-l'Étang;5
80368;Friville-Escarbotin;5
34111;Ganges;5
34194;Paulhan;5
02361;Guise;5
83072;Lorgues;5
57628;Sarralbe;5
11397;Trèbes;5
59028;Auby;5
83019;Bormes-les-Mimosas - Le Lavandou;5
30258;Saint-Gilles;5
26324;Saint-Paul-Trois-Châteaux;5
11315;Rieux-Minervois;5
62907;Libercourt;5
59094;Bourbourg;5
88319;Moyenmoutier;5
34157;Mèze;5
26235;Pierrelatte;5
30010;Anduze;5
54039;Baccarat;5
34052;Capestang;5
54382;Mont-Saint-Martin;5
11379;Sigean;5
83049;Cuers;5
62051;Auchy-les-Mines;5
59491;Raismes;5
42183;Ricamarie (La);5
68256;Pfastatt;5
08328;Nouzonville;5
66171;Saint-Cyprien;5
83107;Roquebrune-sur-Argens;5
13026;Châteauneuf-les-Martigues;5
83042;Cogolin;5
59131;Cappelle-la-Grande;5
62083;Barlin;5
07042;Bourg-Saint-Andéol;5
76159;Cany-Barville;5
34213;Poussan;5
13081;Rognac;5
40197;Morcenx;5
59459;Petite-Forêt;5
57221;Florange;5
34300;Servian;5
62757;Saint-Martin-au-Laërt;5
62364;Fruges;5
02789;Vervins;5
57491;Moyeuvre-Grande;5
70120;Champagney - Ronchamp;5
57483;Morhange;5
13106;Septèmes-les-Vallons;5
90009;Beaucourt;5
30003;Aigues-Mortes;5
88114;Contrexéville;5
02558;Le Nouvion-en-Thiérache;5
62842;Vendin-le-Vieil;5
62624;Noyelles-Godault;5
68298;Sainte-Marie-aux-Mines;5
34023;Balaruc-les-Bains;5
62250;Courrières;5
83148;Vidauban;5
17241;Montguyon;5
62397;Guînes;5
63231;La Monnerie-le-Montel;5
88372;Raon-l'Étape;5
31523;Salies-du-Salat;5
71310;Montchanin;5
80721;Saint-Valery-sur-Somme;5
83071;La Londe-les-Maures;5
30155;Manduel;5
62637;Oignies;5
29217;Pont-Aven;5
62667;Portel (Le);5
62261;Cucq;5
34031;Bessan;5
34336;Villeneuve-lès-Béziers;5
33478;Saint-Seurin-sur-l'Isle;5
83119;Saint-Tropez;5
62297;Éperlecques - Watten;5
57474;Mondelange;5
57283;Hagondange;5
62361;Frévent;5
83081;Montauroux;5
83086;Muy (Le);5
59452;Ostricourt;5
76655;Saint-Valery-en-Caux;5
59331;Landrecies;5
31324;Martres-Tolosane;5
30221;Roquemaure;5
88095;Châtenois;5
24354;La Roche-Chalais - Saint-Aigulin;5
57683;Uckange;5
13078;Port-Saint-Louis-du-Rhône;5
02018;Pinon;5
34101;Florensac;5
13105;Sénas;5
30344;Vergèze;5
59309;Hondschoote;5
08363;Revin;5
34239;Saint-André-de-Sangonis;5
76341;Harfleur;5
40217;Parentis-en-Born;5
34150;Marseillan;5
31547;Seysses;5
08491;Vrigne-aux-Bois;5
83032;Carcès;5
80373;Gamaches;5
38012;Aoste;5
33514;Soulac-sur-Mer;5
84091;Piolenc;5
59212;Estaires;5
83121;Salernes;5
62249;Courcelles-lès-Lens;5
83004;Arcs (Les);5
59268;Gorgue (La);5
62528;Loos-en-Gohelle;5
83150;Vinon-sur-Verdon;5
08185;Fumay;5
13102;Saint-Victoret;5
57537;Petite-Rosselle;5
57666;Terville;5
85001;L'Aiguillon-sur-Mer;5
30037;Bessèges;5
30034;Bellegarde;5
66108;Millas;5
38022;Les Avenières;5
02141;La Capelle;5
26116;Donzère;5
08302;Monthermé;5
11266;Port-la-Nouvelle;5
84039;Courthézon;5
34332;Vias;5
16192;Roumazières-Loubert;5
84016;Bédarrides;5
49228;Noyant;5
08367;Rocroi;5
34162;Montagnac;5
67046;Bischwiller;6
68297;Saint-Louis;6
77305;Montereau-Fault-Yonne;6
25462;Pontarlier;6
77131;Coulommiers;6
01004;Ambérieu-en-Bugey;6
54323;Longwy;6
60395;Méru;6
91223;Étampes;6
68004;Altkirch;6
54580;Villerupt;6
77333;Nemours;6
38085;Charvieu-Chavagneux;6
60176;Crépy-en-Valois;6
91045;Ballancourt-sur-Essonne;6
08362;Rethel;6
78362;Mantes-la-Ville;6
02168;Château-Thierry;6
06083;Menton;6
27230;Ézy-sur-Eure;6
18197;Saint-Amand-Montrond;6
10343;Saint-Julien-les-Villas;6
77183;La Ferté-sous-Jouarre;6
26325;Saint-Rambert-d'Albon;6
57757;Yutz;6
77153;Dammartin-en-Goële;6
76312;Gournay-en-Bray;6
77379;Provins;6
14258;Falaise;6
77079;Champagne-sur-Seine;6
38261;Morestel;6
01034;Belley;6
02810;Villers-Cotterêts;6
27284;Gisors;6
17434;Surgères;6
80016;Albert;6
78335;Limay;6
62268;Desvres;6
74269;Seyssel;6
71445;Saint-Marcel;6
83116;Saint-Maximin-la-Sainte-Baume;6
21038;Auxonne;6
78029;Aubergenville;6
62080;Bapaume;6
30156;Marguerittes;6
68352;Neuf-Brisach;6
95250;Fosses;6
33036;Bazas;6
01033;Bellegarde-sur-Valserine;6
36088;Issoudun;6
60139;Chambly;6
27275;Gaillon;6
77053;Brie-Comte-Robert;6
27056;Bernay;6
45252;Pithiviers;6
25411;Morteau;6
67066;La Broque;6
71073;Chagny;6
24352;Ribérac;6
64417;Nay;6
57269;Guénange;6
74305;Ville-la-Grand;6
63050;Brassac-les-Mines;6
03101;Domérat;6
18213;Saint-Germain-du-Puy;6
77182;La Ferté-Gaucher;6
21617;Talant;6
71263;Louhans;6
01244;Meximieux;6
33108;Castillon-la-Bataille;6
57660;Stiring-Wendel;6
38315;Le Pont-de-Beauvoisin;6
80318;Flixecourt;6
54273;Jarny;6
78531;Rosny-sur-Seine;6
23176;La Souterraine;6
67028;Benfeld;6
03023;Bellerive-sur-Allier;6
63103;Châtel-Guyon;6
72071;Château-du-Loir;6
62588;Montreuil;6
62534;Lumbres;6
45315;Sully-sur-Loire;6
51250;Fismes;6
70285;Héricourt;6
33123;Cézac;6
57089;Bitche;6
25356;Maîche;6
89345;Saint-Florentin;6
77192;Fontenay-Trésigny;6
59015;Arleux;6
38013;Apprieu - Le Grand-Lemps;6
14174;Condé-sur-Noireau;6
76452;Montville;6
77470;Gretz-Armainvilliers;6
01305;Pont-de-Vaux;6
34147;Magalas;6
25578;Valdahon;6
45028;Beaugency;6
67474;Soultz-sous-Forêts;6
28015;Auneau;6
21292;Genlis;6
44188;Saint-Philbert-de-Grand-Lieu;6
72346;La Suze-sur-Sarthe;6
88090;Charmes;6
03118;Gannat;6
28140;Épernon;6
27103;Bourg-Achard;6
80561;Montdidier;6
77118;Claye-Souilly;6
70467;Saint-Loup-sur-Semouse;6
27679;Verneuil-sur-Avre;6
58059;La Charité-sur-Loire;6
42019;Boën-sur-Lignon;6
84072;Mazan;6
18141;Mehun-sur-Yèvre;6
57106;Bouzonville;6
67463;Seltz;6
60439;Mouy;6
74311;Viuz-en-Sallaz;6
27428;Le Neubourg;6
69006;Amplepuis;6
14752;Villers-Bocage;6
67388;Reichshoffen - Niederbronn-les-Bains;6
38001;Les Abrets;6
38034;Beaurepaire;6
62865;Vitry-en-Artois;6
39475;Saint-Amour;6
60103;Bresles;6
60500;Le Plessis-Belleville;6
26333;Saint-Vallier;6
27065;Beuzeville;6
77257;Lizy-sur-Ourcq;6
10268;Nogent-sur-Seine;6
28348;Saint-Lubin-des-Joncherets - Nonancourt;6
30321;Sommières;6
67434;Sarre-Union;6
54322;Longuyon;6
38344;Roussillon;6
45203;Meung-sur-Loire;6
72124;Écommoy;6
40224;Peyrehorade;6
31107;Carbonne;6
33498;Salles;6
95355;Magny-en-Vexin;6
68068;Dannemarie;6
77327;Nangis;6
11049;Bram;6
76647;Saint-Romain-de-Colbosc;6
27165;Conches-en-Ouche;6
60104;Breteuil;6
72090;Connerré;6
80212;Corbie;6
83064;Garéoult;6
45082;Châteauneuf-sur-Loire;6
31033;Auterive;6
76462;Neufchâtel-en-Bray;6
37115;Descartes;6
29178;Ploudalmézeau;6
77051;Bray-sur-Seine;6
89464;Villeneuve-sur-Yonne;6
60223;Estrées-Saint-Denis;6
68375;Wittelsheim;6
71230;Gueugnon;6
51506;Saint-Memmie;6
67372;Pfaffenhoffen;6
95052;Beaumont-sur-Oise;6
57097;Boulay-Moselle;6
38384;Saint-Étienne-de-Saint-Geoirs;6
87011;Bellac;6
42182;Renaison;6
06149;Trinité (La);6
45224;Neuville-aux-Bois;6
37063;Château-Renault;6
58117;Fourchambault;6
31499;Saint-Lys;6
88078;Bruyères;6
73270;Saint-Pierre-d'Albigny;6
68226;Munster;6
06090;Pégomas;6
21464;Nuits-Saint-Georges;6
45115;Courtenay;6
25047;Baume-les-Dames;6
01194;Jassans-Riottier;6
27116;Brionne;6
49373;Vihiers;6
38130;La Côte-Saint-André;6
83055;Fayence;6
59663;Wormhout;6
60581;Saint-Just-en-Chaussée;6
01262;Montluel;6
50639;Villedieu-les-Poêles;6
45004;Amilly;6
28279;Nogent-le-Roi;6
63040;Billom;6
54563;Vézelise;6
24294;Montpon-Ménestérol;6
80630;Poix-de-Picardie;6
40273;Saint-Martin-de-Seignanx;6
51217;Dormans;6
01269;Nantua;6
17449;Tonnay-Charente;6
76034;Auffay;6
77458;Souppes-sur-Loing;6
38399;Saint-Jean-de-Bournay;6
28227;Maintenon;6
36031;Buzançais;6
35085;Combourg;6
67222;Ingwiller;6
31135;Cazères;6
10003;Aix-en-Othe;6
76196;Criquetot-l'Esneval;6
77330;Nanteuil-lès-Meaux;6
38138;Crémieu;6
41106;Lamotte-Beuvron;6
03254;Saint-Pourçain-sur-Sioule;6
33104;Castelnau-de-Médoc;6
68201;Masevaux;6
80570;Moreuil;6
72269;Saint-Calais;6
60188;Trosly-Breuil;6
67544;Wissembourg;6
80606;Oisemont;6
44067;Guémené-Penfao;6
40313;Tartas;6
01202;Lagnieu;6
54425;Piennes;6
71176;Digoin;6
14478;Orbec;6
57032;Ars-sur-Moselle;6
25315;L'Isle-sur-le-Doubs;6
18015;Aubigny-sur-Nère;6
31582;Villefranche-de-Lauragais;6
45146;La Ferté-Saint-Aubin;6
21607;Seurre;6
27051;Beaumont-le-Roger;6
59580;Steenvoorde;6
45030;Beaune-la-Rolande;6
85156;Moutiers-les-Mauxfaits;6
44186;Sainte-Pazanne;6
69024;Le Bois-d'Oingt;6
49080;Châteauneuf-sur-Sarthe;6
26301;Saint-Donat-sur-l'Herbasse;6
19028;Bort-les-Orgues;6
18207;Saint-Florent-sur-Cher;6
83092;Carnoules;6
95370;Marines;6
28061;Brou;6
41136;Mer;6
27246;Fleury-sur-Andelle;6
38247;Montalieu-Vercieu;6
31454;Rieumes;6
25463;Pont-de-Roide;6
76035;Aumale;6
76302;Goderville;6
57132;Château-Salins;6
35239;Retiers;6
59053;Bavay;6
37027;Bléré;6
84132;Thor (Le);6
31118;Castelnau-d'Estrétefonds;6
70561;Villersexel;6
67550;Woerth;6
21554;Saint-Jean-de-Losne;6
71120;Chauffailles;6
28214;La Loupe;6
60286;Grandvilliers;6
03102;Dompierre-sur-Besbre;6
63195;Lezoux;6
67520;Wasselonne;6
45085;Châtillon-Coligny;6
68292;Saint-Amarin;6
76258;Fauville-en-Caux;6
56073;Guémené-sur-Scorff;6
74043;Bons-en-Chablais;6
13074;Peyrolles-en-Provence;6
60584;Saint-Leu-d'Esserent;6
17131;Cozes;6
28089;Châteauneuf-en-Thymerais;6
27226;Étrépagny;6
76276;Forges-les-Eaux;6
70198;Dampierre-sur-Salon;6
18241;Sancerre;6
14020;Argences;6
82190;Verdun-sur-Garonne;6
54076;Blainville-sur-l'Eau;6
28199;Janville;6
42011;Balbigny;6
76400;Luneray;6
02305;Fère-en-Tardenois;6
76101;Blangy-sur-Bresle;6
71133;La Clayette;6
89309;Pont-sur-Yonne;6
17240;Montendre;6
86139;Lusignan;6
28116;Courville-sur-Eure;6
57556;Puttelange-aux-Lacs;6
69018;Beaujeu;6
50410;Pontorson;6
49176;Le Lion-d'Angers;6
70447;Rioz;6
86128;Lencloître;6
67281;Marckolsheim;6
41232;Salbris;6
31584;Villemur-sur-Tarn;6
02163;Charly-sur-Marne;6
94060;Queue-en-Brie (La);6
44161;Saint-Gildas-des-Bois;6
04143;Oraison;6
28051;Bonneval;6
16106;Confolens;6
77393;Rozay-en-Brie;6
76219;Doudeville;6
57589;Rohrbach-lès-Bitche;6
16073;Chalais;6
41149;Montoire-sur-le-Loir;6
45191;Malesherbes;6
39500;Salins-les-Bains;6
63457;Vic-le-Comte;6
72039;Bonnétable;6
13075;Plan-de-Cuques;6
44051;Derval;6
81219;Puylaurens;6
83120;Saint-Zacharie;6
14431;Mézidon-Canon;6
67507;Villé;6
59135;Cassel;6
77317;Mormant;6
52353;Nogent;6
45145;Ferrières-en-Gâtinais;6
28422;Voves;6
16206;Mansle;6
01457;Vonnas;6
72138;Fresnay-sur-Sarthe;6
37014;Azay-le-Rideau;6
60245;Formerie;6
60178;Crèvecoeur-le-Grand;6
71419;Saint-Germain-du-Bois;6
89419;Toucy;6
29274;Scaër;6
71047;Bourbon-Lancy;6
83141;Trans-en-Provence;6
27112;Breteuil;6
39128;Chaussin;6
57650;Sierck-les-Bains;6
50082;Bricquebec;6
50562;Saint-Vaast-la-Hougue;6
59317;Houplines;6
87161;Saint-Léonard-de-Noblat;6
02795;Vic-sur-Aisne;6
60533;Ressons-sur-Matz;6
41242;Selles-sur-Cher;6
14689;Thury-Harcourt;6
62045;Aubigny-en-Artois;6
62063;Avesnes-le-Comte;6
57572;Rémilly;6
91016;Angerville;6
86140;Lussac-les-Châteaux;6
14654;Saint-Pierre-sur-Dives;6
82079;Labastide-Saint-Pierre;6
91207;Égly;6
69220;Saint-Laurent-de-Chamousset;6
14342;Isigny-sur-Mer;6
89003;Aillant-sur-Tholon;6
37167;Neuillé-Pont-Pierre;6
89368;Saint-Sauveur-en-Puisaye;6
61486;Tinchebray;6
27493;Romilly-sur-Andelle;6
28196;Illiers-Combray;6
87106;Nexon;6
87002;Ambazac;6
37119;L' Île-Bouchard;6
67105;Drulingen;6
44081;Legé;6
45187;Lorris;6
16085;Chasseneuil-sur-Bonnieure;6
01348;Saint-Didier-sur-Chalaronne - Thoissey;6
62060;Auxi-le-Château;6
31106;Caraman;6
2B120;Furiani;6
82125;Montech;6
09185;Mazères;6
41025;Bracieux;6
43012;Aurec-sur-Loire;6
24167;Eymet;6
27507;Saint-André-de-l'Eure;6
79101;Coulonges-sur-l'Autize;6
36045;Châtillon-sur-Indre;6
33327;Podensac;6
29053;Le Faou;6
45258;Puiseaux;6
73330;Yenne;6
52550;Wassy;6
86082;Couhé;6
02468;Marle;6
31066;Bessières;6
34113;Gigean;6
28103;Cloyes-sur-le-Loir;6
14370;Le Molay-Littry;6
14027;Aunay-sur-Odon;6
09167;Lézat-sur-Lèze;6
60143;Chaumont-en-Vexin;6
37139;Luynes;6
76146;Buchy;6
01443;Villars-les-Dombes;6
71275;Marcigny;6
61508;Vimoutiers;6
03298;Varennes-sur-Allier;6
16223;Montbron;6
72089;Conlie;6
37196;Richelieu;6
50031;Barneville-Carteret;6
72176;Le Lude;6
63210;Maringues;6
34088;Cournonterral;6
76752;Yerville;6
45031;Bellegarde - Quiers-sur-Bézonde;6
16286;Rouillac;6
86160;Mirebeau;6
47051;Castelculier;6
71512;Sennecey-le-Grand;6
72231;Parigné-l'Évêque;6
70292;Jussey;6
16070;Chabanais;6
72373;Vibraye;6
80799;Villers-Bretonneux;6
16090;Châteauneuf-sur-Charente;6
18108;La Guerche-sur-l'Aubois;6
72029;Beaumont-sur-Sarthe;6
86103;Gençay;6
14371;Livarot;6
27198;Damville;6
77100;Le Châtelet-en-Brie;6
36034;Chabris;6
63285;Pontgibaud;6
13084;La Roque-d'Anthéron;6
63349;Saint-Georges-de-Mons;6
72143;Le Grand-Lucé;6
70334;Marnay;6
67061;Bouxwiller;6
36228;Valençay;6
50074;Brécey;6
31202;Fronton;6
50041;Beaumont-Hague;6
42165;Panissières;6
37130;Ligueil;6
89068;Chablis;6
38468;Salaise-sur-Sanne;6
44180;Saint-Mars-la-Jaille;6
42023;Bourg-Argental;6
63291;Puy-Guillaume;6
89086;Charny;6
61181;Gacé;6
71158;Cuisery;6
59375;Marchiennes;6
87014;Bessines-sur-Gartempe;6
77088;La Chapelle-la-Reine;6
72168;Loué;6
76648;Saint-Saëns;6
90052;Giromagny;6
91659;Villabé;6
33506;Sauveterre-de-Guyenne;6
17024;Aulnay;6
87040;Châteauneuf-la-Forêt;6
77437;Saint-Soupplets;6
71192;Étang-sur-Arroux;6
50341;Montebourg;6
71351;Pierre-de-Bresse;6
64416;Navarrenx;6
63001;Aigueperse;6
45083;Château-Renard;6
03236;Saint-Germain-des-Fossés;6
12120;Laissac;6
85223;Sainte-Hermine;6
31098;Cadours;6
76051;Bacqueville-en-Caux;6
22207;Plouaret;6
79307;Sauzé-Vaussais;6
64453;Pontacq;6
47324;Villeréal;6
59239;Flines-lez-Raches;6
58264;Saint-Pierre-le-Moûtier;6
79184;La Mothe-Saint-Héray;6
52093;Chalindrey;6
79057;Brioux-sur-Boutonne;6
83104;Rians;6
50582;Sourdeval;6
72189;Marolles-les-Braults;6
18109;Henrichemont;6
31396;Nailloux;6
28373;Senonches;6
87041;Châteauponsac;6
50539;Saint-Pierre-Église;6
83106;Rocbaron;6
60589;Saint-Maximin;6
61230;Longny-au-Perche;6
2A004;Ajaccio;7
46042;Cahors;7
52121;Chaumont;7
55545;Verdun;7
06048;Contes;7
06033;Carros;7
46102;Figeac;7
12300;Villefranche-de-Rouergue;7
36006;Argenton-sur-Creuse;7
39478;Saint-Claude;7
71014;Autun;7
58095;Decize;7
89025;Avallon;7
88321;Neufchâteau;7
09261;Saint-Girons;7
70279;Gray;7
10034;Bar-sur-Seine;7
73248;Saint-Jean-de-Maurienne;7
11206;Limoux;7
23008;Aubusson;7
52269;Langres;7
12208;Saint-Affrique;7
21317;Is-sur-Tille;7
2B050;Calvi;7
58079;Clamecy;7
82186;Valence;7
15187;Saint-Flour;7
19275;Ussel;7
21154;Châtillon-sur-Seine;7
08490;Vouziers;7
52250;Joinville;7
31390;Montréjeau;7
65258;Lannemezan;7
07331;Vals-les-Bains;7
51507;Sainte-Menehould;7
2B123;Ghisonaccia;7
2B096;Corte;7
36018;Le Blanc;7
48140;Saint-Chély-d'Apcher;7
24311;Nontron;7
89418;Tonnerre;7
55502;Stenay;7
15120;Mauriac;7
10033;Bar-sur-Aube;7
34142;Lodève;7
38269;La Mure;7
71137;Cluny;7
63003;Ambert;7
55427;Revigny-sur-Ornain;7
43040;Brioude;7
04088;Forcalquier;7
04209;Sisteron;7
24223;Lalinde;7
51535;Sézanne;7
55463;Saint-Mihiel;7
48080;Langogne;7
19073;Égletons;7
2A249;Propriano;7
55291;Ligny-en-Barrois;7
26220;Nyons;7
21425;Montbard;7
24164;Excideuil;7
06099;Puget-Théniers;7
47052;Casteljaloux;7
64485;Saint-Jean-Pied-de-Port;7
48092;Marvejols;7
86165;Montmorillon;7
30350;Le Vigan;7
32256;Mirande;7
79005;Airvault;7
39434;Poligny;7
63125;Courpière;7
57177;Dieuze;7
25434;Ornans;7
03138;Lapalisse;7
05132;Saint-Bonnet-en-Champsaur;7
66088;Ille-sur-Têt;7
12138;Marcillac-Vallon;7
43112;Langeac;7
10006;Arcis-sur-Aube;7
17224;Matha;7
21603;Semur-en-Auxois;7
12096;Espalion;7
63338;Saint-Éloy-les-Mines;7
12197;Réquista;7
15122;Maurs;7
05179;Veynes;7
10064;Brienne-le-Château;7
21584;Saulieu;7
24551;Thiviers;7
46128;Gramat;7
09306;Tarascon-sur-Ariège;7
53152;Meslay-du-Maine;7
32462;Vic-Fezensac;7
46225;Prayssac;7
18087;Dun-sur-Auron;7
24064;Brantôme;7
07132;Largentière;7
07064;Le Cheylard;7
64493;Saint-Palais;7
55181;Étain;7
2A130;Grosseto-Prugna;7
26113;Die;7
05070;Laragne-Montéglin;7
01185;Hauteville-Lompnes;7
04166;Riez;7
39154;Clairvaux-les-Lacs;7
58083;Corbigny;7
38052;Le Bourg-d'Oisans;7
51380;Montmirail;7
07129;Lamastre;7
43080;Craponne-sur-Arzon;7
18057;Châteaumeillant;7
82087;Lafrançaise;7
83012;Barjols;7
45248;Patay;7
69066;Cours-la-Ville;7
82013;Beaumont-de-Lomagne;7
66003;Amélie-les-Bains-Palalda;7
30210;Quissac;7
19010;Argentat;7
51388;Mourmelon-le-Grand;7
46201;Montcuq;7
07334;Les Vans;7
63047;La Bourboule;7
11304;Quillan;7
23013;Auzances;7
23030;Bourganeuf;7
24291;Montignac;7
06130;Saint-Vallier-de-Thiey;7
21501;Pouilly-en-Auxois;7
32147;Gimont;7
18242;Sancoins;7
21663;Venarey-les-Laumes;7
40134;Labouheyre;7
15138;Murat;7
79195;Nueil-les-Aubiers;7
09194;Mirepoix;7
42204;Saint-Bonnet-le-Château;7
23031;Boussac;7
72334;Sillé-le-Guillaume;7
09282;Saverdun;7
71106;Charolles;7
2B037;Biguglia;7
73157;Modane;7
31080;Boulogne-sur-Gesse;7
12056;Baraqueville;7
15162;Riom-ès-Montagnes;7
52060;Bourbonne-les-Bains;7
87059;Le Dorat;7
03084;Cosne-d'Allier;7
51612;Vertus;7
34284;Saint-Pons-de-Thomières;7
21023;Arnay-le-Duc;7
40245;Roquefort;7
40331;Villeneuve-de-Marsan;7
30263;Saint-Hippolyte-du-Fort;7
22025;Callac;7
29081;Huelgoat;7
05065;Guillestre;7
07330;Vallon-Pont-d'Arc;7
11129;Espéraza;7
36093;Levroux;7
71417;Saint-Gengoux-le-National;7
32096;Cazaubon;7
23076;Évaux-les-Bains;7
48061;Florac;7
58182;Moulins-Engilbert;7
32208;Lectoure;7
04019;Barcelonnette;7
79083;Chef-Boutonne;7
51248;Fère-Champenoise;7
81124;Lacaune;7
51559;Suippes;7
58134;Imphy;7
52331;Montier-en-Der;7
47057;Castillonnès;7
24035;Belvès;7
58062;Château-Chinon (Ville);7
32249;Mauvezin;7
63010;Arlanc;7
31239;L' Isle-en-Dodon;7
26114;Dieulefit;7
47175;Monflanquin;7
03165;Le Mayet-de-Montagne;7
32242;Masseube;7
05006;L'Argentière-la-Bessée;7
12198;Rieupeyroux;7
07110;Joyeuse;7
23075;Dun-le-Palestel;7
03186;Montmarault;7
41143;Mondoubleau;7
12169;Naucelle;7
52332;Val-de-Meuse;7
64331;Lembeye;7
26063;Buis-les-Baronnies;7
84123;Sault;7
86112;L' Isle-Jourdain;7
03036;Bourbon-l'Archambault;7
07201;Ruoms;7
83007;Aups;7
81037;Brassac;7
58149;Luzy;7
39487;Saint-Laurent-en-Grandvaux;7
04094;Gréoux-les-Bains;7
48034;La Canourgue;7
18003;Les Aix-d'Angillon;7
07338;Vernoux-en-Vivarais;7
12270;Sévérac-le-Château;7
19138;Meyssac;7
15119;Massiac;7
46143;Lacapelle-Marival;7
12199;Rignac;7
55533;Vaucouleurs;7
24571;Vergt;7
36001;Aigurande;7
63038;Besse-et-Saint-Anastaise;7
12185;Pont-de-Salars;7
34245;Saint-Chinian;7
31375;Montesquieu-Volvestre;7
52197;Fayl-Billot;7
56152;Le Palais;7
30269;Saint-Jean-du-Gard;7
04173;Saint-André-les-Alpes;7
87064;Eymoutiers;7
19269;Treignac;7
32410;Samatan;7
31020;Aspet;7
43051;Le Chambon-sur-Lignon;7
65452;Trie-sur-Baïse;7
42159;Noirétable;7
65447;Tournay;7
46231;Puy-l'Évêque;7
64063;Arzacq-Arraziguet;7
19136;Meymac;7
58218;Prémery;7
38226;Mens;7
12164;Mur-de-Barrez;7
85113;L'Île-d'Yeu;7
12119;Laguiole;7
25334;Levier;7
12224;Saint-Geniez-d'Olt;7
63354;Saint-Gervais-d'Auvergne;7
39470;Les Rousses;7
19019;Beaulieu-sur-Dordogne;7
09032;Ax-les-Thermes;7
63283;Pontaumur;7
43162;Retournac;7
07204;Saint-Agrève;7
32213;Lombez;7
06163;Tende;7
43234;Saugues;7
82155;Saint-Antonin-Noble-Val;7
81003;Alban;7
32233;Marciac;7
04039;Castellane;7
65295;Luz-Saint-Sauveur;7
63236;Mont-Dore;7
43200;Saint-Julien-Chapteuil;7
19148;Neuvic;7
12094;Entraygues-sur-Truyère;7
79191;Niort;8
85191;Roche-sur-Yon (La);8
53130;Laval;8
15014;Aurillac;8
49099;Cholet;8
71270;Mâcon;8
33243;Libourne;8
74281;Thonon-les-Bains;8
51573;Tinqueux;8
43157;Puy-en-Velay (Le);8
41269;Vendôme;8
70550;Vesoul;8
39300;Lons-le-Saunier;8
14341;Ifs;8
67462;Sélestat;8
29151;Morlaix;8
07010;Annonay;8
35115;Fougères;8
85092;Fontenay-le-Comte;8
85146;Montaigu;8
38553;Villefontaine;8
69019;Belleville;8
22050;Dinan;8
22136;Loudéac;8
56083;Hennebont;8
07324;Tournon-sur-Rhône;8
23096;Guéret;8
21054;Beaune;8
85047;Challans;8
25212;École-Valentin;8
03190;Moulins;8
29103;Landerneau;8
14047;Bayeux;8
59286;Haubourdin;8
35236;Redon;8
42147;Montbrison;8
69282;Meyzieu;8
54215;Frouard;8
68112;Guebwiller;8
63300;Riom;8
67300;Molsheim;8
63178;Issoire;8
30169;Milhaud;8
44003;Ancenis;8
53201;Saint-Berthevin;8
13027;Châteaurenard;8
42186;Rive-de-Gier;8
61169;Flers;8
72264;Sablé-sur-Sarthe;8
66195;Soler (Le);8
22070;Guingamp;8
43041;Brives-Charensac;8
38416;Saint-Marcellin;8
79329;Thouars;8
86214;Saint-Benoît;8
56178;Pontivy;8
35093;Dinard;8
54159;Dombasle-sur-Meurthe;8
19272;Tulle;8
35360;Vitré;8
67437;Saverne;8
44043;Clisson;8
72095;Coulaines;8
14762;Vire;8
07019;Aubenas;8
28280;Nogent-le-Rotrou;8
85109;Les Herbiers;8
61006;Argentan;8
44036;Châteaubriant;8
65417;Séméac;8
33227;Langon;8
63124;Cournon-d'Auvergne;8
74042;Bonneville;8
81060;Carmaux;8
35152;Liffré;8
50025;Avranches;8
76212;Darnétal;8
55029;Bar-le-Duc;8
54184;Essey-lès-Nancy;8
33366;Saint-André-de-Cubzac;8
56117;Locminé;8
70311;Luxeuil-les-Bains;8
81163;Mazamet;8
50502;Saint-Lô;8
22093;Lamballe;8
33433;Saint-Loubès;8
14738;Verson;8
37156;Montlouis-sur-Loire;8
85226;Saint-Hilaire-de-Riez;8
33234;Latresne;8
29124;Lesneven;8
53147;Mayenne;8
76057;Barentin;8
35095;Dol-de-Bretagne;8
79202;Parthenay;8
41194;Romorantin-Lanthenay;8
44110;Nort-sur-Erdre;8
16113;Couronne (La);8
50002;Agneaux;8
29046;Douarnenez;8
44047;Couëron;8
17274;Périgny;8
33051;Biganos;8
49301;Saint-Macaire-en-Mauges;8
60157;Clermont;8
24520;Sarlat-la-Canéda;8
35126;Guichen;8
37003;Amboise;8
29105;Landivisiau;8
64430;Orthez;8
50147;Coutances;8
74225;Rumilly;8
53062;Château-Gontier;8
44129;Pontchâteau;8
38509;La Tour-du-Pin;8
29058;Fouesnant;8
40284;Saint-Vincent-de-Tyrosse;8
76758;Yvetot;8
47201;Passage (Le);8
49331;Segré;8
22162;Paimpol;8
87114;Panazol;8
33402;Sainte-Foy-la-Grande;8
72154;La Flèche;8
28088;Châteaudun;8
88075;La Bresse;8
33312;Parempuyre;8
79081;Chauray;8
72065;Chapelle-Saint-Aubin (La);8
60360;Liancourt;8
07186;Privas;8
28220;Luisant;8
88209;Golbey;8
53097;Évron;8
42184;Riorges;8
10333;Saint-André-les-Vergers;8
86070;Chauvigny;8
67067;Brumath;8
81257;Saint-Juéry;8
17218;Marans;8
26057;Bourg-de-Péage;8
21171;Chevigny-Saint-Sauveur;8
35066;Chartres-de-Bretagne;8
49023;Beaupréau;8
61293;Mortagne-au-Perche;8
54397;Neuves-Maisons;8
69243;Tarare;8
17347;Saint-Jean-d'Angély;8
37233;Saint-Pierre-des-Corps;8
60382;Margny-lès-Compiègne;8
29158;Penmarch;8
80489;Longueau;8
45075;Chapelle-Saint-Mesmin (La);8
79049;Bressuire;8
50601;Torigni-sur-Vire;8
36046;La Châtre;8
87065;Feytiat;8
47195;Nérac;8
19123;Malemort-sur-Corrèze;8
44195;Savenay;8
69096;Grigny;8
64189;Ciboure;8
95476;Osny;8
59560;Seclin;8
82037;Caussade;8
72132;La Ferté-Bernard;8
56165;Ploërmel;8
79270;Saint-Maixent-l'École;8
35012;Bain-de-Bretagne;8
72003;Allonnes;8
85178;Le Poiré-sur-Vie;8
56184;Questembert;8
44154;Saint-Brevin-les-Pins;8
47310;Tonneins;8
85128;Luçon;8
44072;Herbignac;8
14167;Colombelles;8
01266;Montrevel-en-Bresse;8
50099;Carentan;8
44198;Sorinières (Les);8
85151;Mortagne-sur-Sèvre;8
56053;Elven;8
12089;Decazeville;8
72008;Arnage;8
44131;Pornic;8
29197;Plouhinec - Audierne;8
16167;Jarnac;8
67130;Erstein;8
44212;Vallet;8
62753;Saint-Laurent-Blangy;8
33140;Créon;8
85182;Pouzauges;8
87154;Saint-Junien;8
25527;Saint-Vit;8
17421;Saujon;8
50602;Tourlaville;8
03095;Cusset;8
37123;Langeais;8
88465;Thaon-les-Vosges;8
67021;Barr;8
87050;Couzeix;8
45302;Saran;8
59043;Bailleul;8
34114;Gignac;8
85051;Chantonnay;8
22389;Yffiniac;8
22266;Rostrenen;8
16028;Barbezieux-Saint-Hilaire;8
35210;Pacé;8
40279;Saint-Paul-lès-Dax;8
79079;Mauléon;8
68376;Wittenheim;8
49223;Mûrs-Erigné;8
43137;Monistrol-sur-Loire;8
49021;Beaufort-en-Vallée;8
76222;Duclair;8
85166;Olonne-sur-Mer;8
48095;Mende;8
44213;Varades;8
14488;Ouistreham;8
35068;Châteaubourg;8
39097;Champagnole;8
62004;Achicourt;8
58303;Varennes-Vauzelles;8
37132;Loches;8
03321;Yzeure;8
63063;Cébazat;8
85003;Aizenay;8
31451;Revel;8
28229;Mainvilliers;8
29259;Saint-Pol-de-Léon;8
13071;Pennes-Mirabeau (Les);8
17283;Pons;8
59152;Comines;8
62263;Dainville;8
45173;Jargeau;8
01289;Péronnas;8
68287;Rouffach;8
35188;Montfort-sur-Meu;8
16292;Ruffec;8
59367;Lys-lez-Lannoy;8
21390;Marsannay-la-Côte;8
24053;Boulazac;8
81105;Graulhet;8
18205;Saint-Doulchard;8
35136;Janzé;8
44015;Blain;8
30305;Salindres;8
68154;Illzach;8
45089;Chécy;8
65059;Bagnères-de-Bigorre;8
14437;Mondeville;8
49092;Chemillé-Melay;8
65460;Vic-en-Bigorre;8
89263;Monéteau;8
22004;Bégard;8
35069;Châteaugiron;8
22262;Quintin;8
35184;Montauban-de-Bretagne;8
44020;Bouguenais;8
66172;Saint-Estève;8
56010;Baud;8
59011;Annoeullin;8
35240;Le Rheu;8
40281;Saint-Pierre-du-Mont;8
42052;Charlieu;8
22215;Ploufragan;8
56185;Quéven;8
35196;Mordelles;8
41295;Vineuil;8
44187;Saint-Père-en-Retz;8
61168;La Ferté-Macé;8
44101;Montagne (La);8
56193;Riantec - Locmiquélic;8
46127;Gourdon;8
29241;Rosporden;8
71090;La Chapelle-de-Guinchay - Crêches-sur-Saône;8
88304;Mirecourt;8
41151;Montrichard;8
42110;Horme (L');8
42071;Coteau (Le);8
68269;Ribeauvillé;8
47032;Bon-Encontre;8
16154;Gond-Pontouvre;8
22362;Tréguier;8
86158;Migné-Auxances;8
10362;Sainte-Savine;8
53096;Ernée;8
67202;Hochfelden;8
61117;Condé-sur-Sarthe;8
76319;Grand-Couronne;8
44169;Saint-Julien-de-Concelles;8
16078;Champniers;8
21355;Longvic;8
59586;Templeuve;8
41059;Contres;8
35125;La Guerche-de-Bretagne;8
07349;La Voulte-sur-Rhône;8
83047;Crau (La);8
88181;Fraize;8
35337;Tinténiac;8
19276;Uzerche;8
59636;Wambrechies;8
40001;Aire-sur-l'Adour;8
49042;Brain-sur-l'Authion;8
29260;Saint-Renan;8
29195;Plouguerneau - Lannilis;8
86137;Loudun;8
45169;Ingré;8
12176;Onet-le-Château;8
68162;Kaysersberg;8
73213;Ravoire (La);8
33013;Artigues-près-Bordeaux;8
87001;Aixe-sur-Vienne;8
44018;Bouaye;8
86207;La Roche-Posay;8
59032;Aulnoy-lez-Valenciennes;8
17397;Saint-Savinien;8
84122;Sarrians;8
01043;Beynost;8
86041;Buxerolles;8
29075;Guipavas;8
56143;Muzillac;8
44113;Nozay;8
50484;Saint-Hilaire-du-Harcouët;8
87075;Isle;8
85059;La Châtaigneraie;8
22259;Quévert;8
63284;Pont-du-Château;8
67152;Geispolsheim;8
22194;Plestin-les-Grèves;8
50236;La Haye-du-Puits;8
22172;Plancoët;8
17197;Jonzac;8
35173;Melesse;8
49180;Longué-Jumelles;8
63193;Lempdes;8
49244;La Pommeraye;8
59431;Nieppe;8
26252;Portes-lès-Valence;8
33075;Bruges;8
49050;Brissac-Quincé;8
22360;Trégueux;8
49125;Doué-la-Fontaine;8
84141;Vedène;8
49214;Montreuil-Juigné;8
40119;Hagetmau;8
72180;Mamers;8
85060;Château-d'Olonne;8
24557;Trélissac;8
73064;Challes-les-Eaux;8
37159;Monts;8
72213;Mulsanne;8
17003;Aigrefeuille-d'Aunis;8
74182;Meythet;8
37104;Esvres;8
42094;Feurs;8
29024;Carhaix-Plouguer;8
82134;Nègrepelisse;8
33081;Cadillac;8
71342;Paray-le-Monial;8
57433;Maizières-lès-Metz;8
41198;Saint-Aignan;8
47004;Aiguillon;8
71105;Charnay-lès-Mâcon;8
32107;Condom;8
57663;Talange;8
86177;Neuville-de-Poitou;8
57540;Phalsbourg;8
85215;Saint-Fulgent;8
38337;Rives;8
56124;Malestroit;8
24372;Saint-Astier;8
81220;Rabastens;8
87126;Rochechouart;8
38412;Saint-Laurent-du-Pont;8
64256;Hasparren;8
33003;Ambarès-et-Lagrave;8
61464;Sées;8
87187;Saint-Yrieix-la-Perche;8
19153;Objat;8
16281;La Rochefoucauld;8
42305;Talaudière (La);8
32132;Fleurance;8
22007;Binic;8
51030;Ay;8
49063;Chalonnes-sur-Loire;8
42149;Montrond-les-Bains;8
85234;Saint-Jean-de-Monts;8
21515;Quetigny;8
29220;Pont-l'Abbé;8
56067;Grand-Champ;8
76402;Malaunay;8
38474;Sassenage;8
64160;Cambo-les-Bains;8
86294;Vouillé;8
40282;Saint-Sever;8
33096;Carbon-Blanc;8
41047;Chaussée-Saint-Victor (La);8
84088;Pernes-les-Fontaines;8
47031;Boé;8
81222;Réalmont;8
56177;Pluvigner;8
71475;Saint-Rémy;8
17291;Puilboreau;8
14225;Dives-sur-Mer;8
50615;Valognes;8
79062;Cerizay;8
64371;Mauléon-Licharre;8
35352;Vern-sur-Seiche;8
42330;Villars;8
35006;Argentré-du-Plessis;8
86078;Civray;8
79174;Melle;8
84080;Monteux;8
49323;Saint-Sylvain-d'Anjou;8
79179;Moncoutant;8
56240;Sarzeau;8
63164;Gerzat;8
56061;La Gacilly;8
17452;La Tremblade;8
56013;Belz;8
61145;Domfront;8
22020;Broons;8
29185;Plouescat;8
22143;Matignon;8
29160;Plabennec;8
64284;Jurançon;8
35049;Cancale;8
72054;Champagné;8
49313;Saint-Pierre-Montlimart;8
01093;Châtillon-sur-Chalaronne;8
44087;Machecoul;8
24067;Le Bugue;8
01451;Viriat;8
35253;Saint-Aubin-du-Cormier;8
86115;Jaunay-Clan;8
29026;Châteaulin;8
14191;Courseulles-sur-Mer;8
41167;Onzain;8
49018;Baugé-en-Anjou;8
34151;Marsillargues;8
64547;Ustaritz;8
56206;Saint-Avé;8
44172;Sainte-Luce-sur-Loire;8
47027;Bias;8
85084;Les Essarts;8
71543;Tournus;8
38239;Moirans;8
85152;La Mothe-Achard;8
46309;Souillac;8
74208;Passy;8
35297;Saint-Méen-le-Grand;8
01344;Saint-Denis-lès-Bourg;8
43268;Yssingeaux;8
44029;La Chapelle-Basse-Mer;8
29020;Briec;8
38517;Tullins;8
35024;Betton;8
81271;Saint-Sulpice;8
73010;Albens;8
76164;Caudebec-en-Caux;8
38524;Varces-Allières-et-Risset;8
26307;Saint-Jean-en-Royans;8
22324;Saint-Quay-Perros;8
36063;Déols;8
56166;Plouay;8
64499;Salies-de-Béarn;8
35023;Bédée;8
35001;Acigné;8
50394;Périers;8
47168;Miramont-de-Guyenne;8
50203;Glacerie (La);8
29027;Châteauneuf-du-Faou;8
39526;Tavaux;8
67365;Ostwald;8
53271;Villaines-la-Juhel;8
17219;Marennes;8
39368;Morez;8
35162;Louvigné-du-Désert;8
64062;Arudy;8
74123;Faverges;8
29069;Guilers;8
42316;Unieux;8
56091;Josselin;8
50076;Bréhal;8
56057;Le Faouët;8
17094;Châtelaillon-Plage;8
83054;Farlède (La);8
29061;Gouesnou;8
29150;Moëlan-sur-Mer;8
63214;Veyre-Monton;8
44210;Trignac;8
33067;Bourg;8
49347;Tiercé;8
56195;La Roche-Bernard;8
37226;Sainte-Maure-de-Touraine;8
49215;Montreuil-Bellay;8
24309;Neuvic;8
14514;Pont-l'Évêque;8
16291;Ruelle-sur-Touvre;8
53077;Cossé-le-Vivien;8
84043;Entraigues-sur-la-Sorgue;8
24299;Mussidan;8
69273;Corbas;8
35257;Saint-Brice-en-Coglès;8
56034;Carnac;8
35223;Plélan-le-Grand;8
76705;Tourville-la-Rivière;8
26313;Saint-Marcel-lès-Valence;8
50359;Mortain;8
39056;Bletterans;8
42189;Roche-la-Molière;8
59426;Neuville-en-Ferrain;8
39013;Arbois;8
33397;Sainte-Eulalie;8
69238;Saint-Symphorien-sur-Coise;8
85018;Beauvoir-sur-Mer;8
22206;Plouagat;8
43087;Dunières;8
42127;Mably;8
14117;Cabourg;8
80308;Feuquières-en-Vimeu - Fressenneville;8
32119;Eauze;8
79311;Secondigny;8
79048;La Crèche;8
50237;La Haye-Pesnel;8
53084;Craon;8
56251;Theix;8
79061;Celles-sur-Belle;8
85163;Noirmoutier-en-l'Île;8
49127;Durtal;8
49261;Les Rosiers-sur-Loire;8
56075;Guer;8
46330;Vayrac;8
59339;Leers;8
69276;Feyzin;8
49333;Seiches-sur-le-Loir;8
14754;Villers-sur-Mer;8
43224;Sainte-Sigolène;8
49183;Le Louroux-Béconnais;8
85288;Talmont-Saint-Hilaire;8
32296;Nogaro;8
46251;Saint-Céré;8
69248;Thizy-les-Bourgs;8
50003;Agon-Coutainville;8
85035;Bretignolles-sur-Mer;8
73171;Montmélian;8
46029;Biars-sur-Cère;8
17172;Gémozac;8
01134;Crottet - Pont-de-Veyle;8
81120;Labruguière;8
49345;Thouarcé;8
67458;Schweighouse-sur-Moder;8
76482;Offranville;8
24256;Marsac-sur-l'Isle;8
49267;Saint-Barthélemy-d'Anjou;8
87032;Châlus;8
86062;Chasseneuil-du-Poitou;8
12133;Luc-la-Primaube;8
19121;Lubersac;8
22121;Lanvollon;8
40233;Pouillon;8
42059;Chazelles-sur-Lyon;8
33334;Portets;8
16166;Isle-d'Espagnac (L');8
17010;Angoulins;8
69100;Irigny;8
29174;Plonéour-Lanvern;8
22186;Pléneuf-Val-André;8
29051;Ergué-Gabéric;8
35129;Guipry;8
61483;Bagnoles-de-l'Orne;8
70421;Port-sur-Saône;8
53107;Gorron;8
85135;Mareuil-sur-Lay-Dissais;8
44002;Aigrefeuille-sur-Maine;8
64140;Boucau;8
14712;Troarn;8
49248;Pouancé;8
50487;Saint-James;8
22251;Pordic;8
35004;Antrain;8
35168;Maure-de-Bretagne;8
53185;Pré-en-Pail;8
83091;Pierrefeu-du-Var;8
86293;Vivonne;8
53188;Renazé;8
49054;Candé;8
35189;Montgermont;8
56127;Mauron;8
22106;Langueux;8
53003;Ambrières-les-Vallées;8
44049;Croisic (Le);8
27469;Pont-de-l'Arche;8
61038;Bellême;8
29162;Pleyben;8
56036;Caudan;8
33527;Teich (Le);8
72068;La Chartre-sur-le-Loir;8
44211;La Turballe;8
35219;Pipriac;8
83099;Puget-sur-Argens;8
65304;Maubourguet;8
44223;Geneston;8
22147;Merdrignac;8
29004;Bannalec;8
13070;Penne-sur-Huveaune (La);8
22222;Plouha;8
34095;Fabrègues;8
17168;Fouras;8
22203;Ploeuc-sur-Lié;8
56164;Ploeren;8
29199;Plouigneau;8
40201;Mugron;8
29147;Mellac;8
19005;Allassac;8
40194;Montfort-en-Chalosse;8
69227;Saint-Martin-en-Haut;8
68155;Ingersheim;8
50551;Saint-Sauveur-le-Vicomte;8
29302;Pont-de-Buis-lès-Quimerch;8
33011;Arès;8
64233;Garlin;8
53127;Lassay-les-Châteaux;8
85294;La Tranche-sur-Mer;8
22046;Collinée;8
12148;Montbazens;8
49283;Saint-Georges-sur-Loire;8
32344;Riscle;8
33289;Monségur;8
56066;Gourin;8
43177;Saint-Didier-en-Velay;8
56158;Plescop;8
17019;Ars-en-Ré;8
43244;Tence;8
47086;Duras;8
64513;Sauveterre-de-Béarn;8
84069;Malaucène;8
22054;Erquy;8
85114;Jard-sur-Mer;8
74276;Taninges;8
24396;Saint-Cyprien;8
12033;Bozouls;8
81308;Valence-d'Albigeois;8